{"stats":{"minecraft:dropped":{"minecraft:minecart":1,"minecraft:grass_block":4,"minecraft:coal_block":9,"minecraft:stone":1,"computercraft:turtle_advanced":13},"minecraft:picked_up":{"minecraft:crafting_table":5,"minecraft:water_bucket":1,"computercraft:turtle_advanced":243,"minecraft:jungle_button":4,"minecraft:string":4212,"minecraft:dirt":220,"minecraft:item_frame":1,"minecraft:sticky_piston":1,"minecraft:oak_sign":1,"minecraft:kelp":1,"minecraft:wheat_seeds":9,"computercraft:computer_advanced":36,"minecraft:iron_ingot":1,"minecraft:minecart":1,"minecraft:coal_block":1829,"minecraft:chest":1,"minecraft:blue_wool":1120,"minecraft:stick":6,"computercraft:wireless_modem_advanced":2,"minecraft:diorite":45,"minecraft:grass_block":1,"minecraft:rotten_flesh":21,"minecraft:lever":1,"minecraft:saddle":46,"minecraft:black_wool":1870,"minecraft:mutton":2,"minecraft:coal":1,"minecraft:rail":13,"minecraft:white_wool":1,"minecraft:cobblestone":1271},"minecraft:crafted":{"computercraft:turtle_advanced":3},"minecraft:used":{"minecraft:crimson_stem":32,"minecraft:water_bucket":1,"minecraft:netherite_sword":15,"minecraft:warped_stem":3,"minecraft:writable_book":36,"minecraft:warped_fungus_on_a_stick":65,"minecraft:flint_and_steel":15,"minecraft:stripped_birch_log":1,"minecraft:prismarine":87,"minecraft:oak_planks":230,"computercraft:turtle_advanced":278,"computercraft:monitor_advanced":18,"minecraft:oak_sign":21,"minecraft:blue_wool":210,"minecraft:chest":20,"minecraft:stone":67,"minecraft:zombie_spawn_egg":30,"minecraft:redstone_block":57,"minecraft:conduit":7,"minecraft:white_wool":5,"computercraft:wireless_modem_advanced":5,"minecraft:anvil":3,"minecraft:dirt":27,"minecraft:sand":49,"minecraft:rail":101,"minecraft:strider_spawn_egg":34,"minecraft:crafting_table":10,"minecraft:light_blue_wool":2,"minecraft:white_bed":2,"minecraft:granite":54,"computercraft:speaker":1,"minecraft:sticky_piston":3,"minecraft:black_wool":201,"minecraft:lever":7,"minecraft:honey_block":14,"minecraft:diamond_pickaxe":1,"minecraft:black_concrete":14,"minecraft:command_block":11,"minecraft:red_wool":53,"minecraft:iron_block":123,"minecraft:grass_block":59,"minecraft:map":9,"minecraft:netherite_axe":10,"minecraft:item_frame":6,"computercraft:cable":10,"computercraft:computer_advanced":52,"minecraft:coal_block":38,"minecraft:cobblestone":9,"minecraft:written_book":1,"minecraft:jungle_button":7,"minecraft:minecart":140,"minecraft:chain_command_block":3,"minecraft:repeating_command_block":10,"minecraft:polished_blackstone_button":1,"minecraft:splash_potion":5,"computercraft:wireless_modem_normal":30},"minecraft:mined":{"computercraft:turtle_advanced":1},"minecraft:killed":{"minecraft:pig":1,"minecraft:wandering_trader":1,"minecraft:strider":12,"minecraft:sheep":1,"minecraft:trader_llama":2},"minecraft:custom":{"minecraft:interact_with_anvil":6,"minecraft:mob_kills":107,"minecraft:interact_with_crafting_table":4,"minecraft:play_one_minute":1360651,"minecraft:leave_game":36,"minecraft:time_since_death":268464,"minecraft:climb_one_cm":163,"minecraft:time_since_rest":268486,"minecraft:sprint_one_cm":115445,"minecraft:damage_taken":630,"minecraft:walk_one_cm":547005,"minecraft:drop":18,"minecraft:minecart_one_cm":15825,"minecraft:damage_dealt":2318,"minecraft:fly_one_cm":1876977,"minecraft:open_chest":41,"minecraft:strider_one_cm":502703,"minecraft:crouch_one_cm":33107,"minecraft:deaths":3,"minecraft:sneak_time":23087,"minecraft:walk_under_water_one_cm":35005,"minecraft:jump":2964,"minecraft:walk_on_water_one_cm":3302,"minecraft:fall_one_cm":4336}},"DataVersion":2586}